{
  "SaveId": "0d1e16cf-6ce4-4971-bdd1-572c9bdc1aa8",
  "SaveName": "TestMulti3",
  "SaveDate": "2026-01-16T13:25:39.607865+01:00",
  "Version": 1,
  "IndexJoueurCourant": 1,
  "NumeroManche": 1,
  "Joueur1": {
    "Nom": "Joueur 1",
    "IndexDeck": 0,
    "Vies": 1,
    "APasse": false,
    "PouvoirUtilise": false,
    "Main": [
      {
        "Nom": "Catapulte",
        "Puissance": 8,
        "ImagePath": "C:\\Users\\leofe\\Desktop\\Progra\\Gwent\\Gwent\\bin\\Debug\\Images\\catapult.png",
        "Type": 2,
        "Pouvoir": 2
      },
      {
        "Nom": "Leurre",
        "Puissance": 0,
        "ImagePath": "C:\\Users\\leofe\\Desktop\\Progra\\Gwent\\Gwent\\bin\\Debug\\Images\\decoy.png",
        "Type": 5,
        "Pouvoir": 8
      },
      {
        "Nom": "Keira Metz",
        "Puissance": 5,
        "ImagePath": "C:\\Users\\leofe\\Desktop\\Progra\\Gwent\\Gwent\\bin\\Debug\\Images\\keira_metz.png",
        "Type": 1,
        "Pouvoir": 13
      },
      {
        "Nom": "Siegfried",
        "Puissance": 5,
        "ImagePath": "C:\\Users\\leofe\\Desktop\\Progra\\Gwent\\Gwent\\bin\\Debug\\Images\\siegfried_of_denesle.png",
        "Type": 0,
        "Pouvoir": 13
      },
      {
        "Nom": "Expert en siège de Kaedwen",
        "Puissance": 1,
        "ImagePath": "C:\\Users\\leofe\\Desktop\\Progra\\Gwent\\Gwent\\bin\\Debug\\Images\\kaedwen_siege.png",
        "Type": 2,
        "Pouvoir": 1
      },
      {
        "Nom": "Talar",
        "Puissance": 1,
        "ImagePath": "C:\\Users\\leofe\\Desktop\\Progra\\Gwent\\Gwent\\bin\\Debug\\Images\\thaler.png",
        "Type": 2,
        "Pouvoir": 0
      },
      {
        "Nom": "Fanstassin Rédanien",
        "Puissance": 1,
        "ImagePath": "C:\\Users\\leofe\\Desktop\\Progra\\Gwent\\Gwent\\bin\\Debug\\Images\\redanian_foot_soldier_1.png",
        "Type": 0,
        "Pouvoir": 13
      },
      {
        "Nom": "Tour de Siège",
        "Puissance": 6,
        "ImagePath": "C:\\Users\\leofe\\Desktop\\Progra\\Gwent\\Gwent\\bin\\Debug\\Images\\siege_tower.png",
        "Type": 2,
        "Pouvoir": 13
      }
    ],
    "Deck": [
      {
        "Nom": "Ciel dégagé",
        "Puissance": 0,
        "ImagePath": "C:\\Users\\leofe\\Desktop\\Progra\\Gwent\\Gwent\\bin\\Debug\\Images\\clear_sky.png",
        "Type": 4,
        "Pouvoir": 10
      },
      {
        "Nom": "Brouillard impénétrable",
        "Puissance": 0,
        "ImagePath": "C:\\Users\\leofe\\Desktop\\Progra\\Gwent\\Gwent\\bin\\Debug\\Images\\fog.png",
        "Type": 4,
        "Pouvoir": 11
      },
      {
        "Nom": "Froid mordant",
        "Puissance": 0,
        "ImagePath": "C:\\Users\\leofe\\Desktop\\Progra\\Gwent\\Gwent\\bin\\Debug\\Images\\frost.png",
        "Type": 4,
        "Pouvoir": 12
      },
      {
        "Nom": "Pluie torrentielle",
        "Puissance": 0,
        "ImagePath": "C:\\Users\\leofe\\Desktop\\Progra\\Gwent\\Gwent\\bin\\Debug\\Images\\rain.png",
        "Type": 4,
        "Pouvoir": 9
      },
      {
        "Nom": "Leurre",
        "Puissance": 0,
        "ImagePath": "C:\\Users\\leofe\\Desktop\\Progra\\Gwent\\Gwent\\bin\\Debug\\Images\\decoy.png",
        "Type": 5,
        "Pouvoir": 8
      },
      {
        "Nom": "Sonnerie de la charge",
        "Puissance": 0,
        "ImagePath": "C:\\Users\\leofe\\Desktop\\Progra\\Gwent\\Gwent\\bin\\Debug\\Images\\horn.png",
        "Type": 3,
        "Pouvoir": 7
      },
      {
        "Nom": "Terre brulée",
        "Puissance": 0,
        "ImagePath": "C:\\Users\\leofe\\Desktop\\Progra\\Gwent\\Gwent\\bin\\Debug\\Images\\scorch.png",
        "Type": 3,
        "Pouvoir": 6
      },
      {
        "Nom": "Terre brulée",
        "Puissance": 0,
        "ImagePath": "C:\\Users\\leofe\\Desktop\\Progra\\Gwent\\Gwent\\bin\\Debug\\Images\\scorch.png",
        "Type": 3,
        "Pouvoir": 6
      },
      {
        "Nom": "Ciri",
        "Puissance": 15,
        "ImagePath": "C:\\Users\\leofe\\Desktop\\Progra\\Gwent\\Gwent\\bin\\Debug\\Images\\Ciri.png",
        "Type": 0,
        "Pouvoir": 13
      },
      {
        "Nom": "Geralt de Riv",
        "Puissance": 15,
        "ImagePath": "C:\\Users\\leofe\\Desktop\\Progra\\Gwent\\Gwent\\bin\\Debug\\Images\\Geralt of Rivia.png",
        "Type": 0,
        "Pouvoir": 13
      },
      {
        "Nom": "Sheldon Skaggs",
        "Puissance": 4,
        "ImagePath": "C:\\Users\\leofe\\Desktop\\Progra\\Gwent\\Gwent\\bin\\Debug\\Images\\sheldon_skaggs.png",
        "Type": 1,
        "Pouvoir": 13
      },
      {
        "Nom": "Baliste",
        "Puissance": 6,
        "ImagePath": "C:\\Users\\leofe\\Desktop\\Progra\\Gwent\\Gwent\\bin\\Debug\\Images\\ballista.png",
        "Type": 2,
        "Pouvoir": 13
      },
      {
        "Nom": "Esterad Thyssen",
        "Puissance": 10,
        "ImagePath": "C:\\Users\\leofe\\Desktop\\Progra\\Gwent\\Gwent\\bin\\Debug\\Images\\esterad.png",
        "Type": 0,
        "Pouvoir": 13
      },
      {
        "Nom": "Sabrina",
        "Puissance": 4,
        "ImagePath": "C:\\Users\\leofe\\Desktop\\Progra\\Gwent\\Gwent\\bin\\Debug\\Images\\sabrina.png",
        "Type": 1,
        "Pouvoir": 13
      },
      {
        "Nom": "Ves",
        "Puissance": 5,
        "ImagePath": "C:\\Users\\leofe\\Desktop\\Progra\\Gwent\\Gwent\\bin\\Debug\\Images\\ves.png",
        "Type": 0,
        "Pouvoir": 13
      },
      {
        "Nom": "Yarpen Zigrin",
        "Puissance": 2,
        "ImagePath": "C:\\Users\\leofe\\Desktop\\Progra\\Gwent\\Gwent\\bin\\Debug\\Images\\yarpen_zigrin.png",
        "Type": 0,
        "Pouvoir": 13
      },
      {
        "Nom": "Commandant des Stries Bleues",
        "Puissance": 4,
        "ImagePath": "C:\\Users\\leofe\\Desktop\\Progra\\Gwent\\Gwent\\bin\\Debug\\Images\\blue_stripes_commandant.png",
        "Type": 0,
        "Pouvoir": 2
      },
      {
        "Nom": "Commandant des Stries Bleues",
        "Puissance": 4,
        "ImagePath": "C:\\Users\\leofe\\Desktop\\Progra\\Gwent\\Gwent\\bin\\Debug\\Images\\blue_stripes_commandant.png",
        "Type": 0,
        "Pouvoir": 2
      },
      {
        "Nom": "Catapulte",
        "Puissance": 8,
        "ImagePath": "C:\\Users\\leofe\\Desktop\\Progra\\Gwent\\Gwent\\bin\\Debug\\Images\\catapult.png",
        "Type": 2,
        "Pouvoir": 2
      },
      {
        "Nom": "Chasseur de dragon de Crinfrid",
        "Puissance": 5,
        "ImagePath": "C:\\Users\\leofe\\Desktop\\Progra\\Gwent\\Gwent\\bin\\Debug\\Images\\crinfrid_reavers_1.png",
        "Type": 1,
        "Pouvoir": 2
      },
      {
        "Nom": "Chasseur de dragon de Crinfrid",
        "Puissance": 5,
        "ImagePath": "C:\\Users\\leofe\\Desktop\\Progra\\Gwent\\Gwent\\bin\\Debug\\Images\\crinfrid_reavers_1.png",
        "Type": 1,
        "Pouvoir": 2
      },
      {
        "Nom": "Chasseur de dragon de Crinfrid",
        "Puissance": 5,
        "ImagePath": "C:\\Users\\leofe\\Desktop\\Progra\\Gwent\\Gwent\\bin\\Debug\\Images\\crinfrid_reavers_1.png",
        "Type": 1,
        "Pouvoir": 2
      },
      {
        "Nom": "Misérable fnatassin de Mes Deux",
        "Puissance": 1,
        "ImagePath": "C:\\Users\\leofe\\Desktop\\Progra\\Gwent\\Gwent\\bin\\Debug\\Images\\poor_infantry.png",
        "Type": 0,
        "Pouvoir": 2
      },
      {
        "Nom": "Prince Stennis ",
        "Puissance": 5,
        "ImagePath": "C:\\Users\\leofe\\Desktop\\Progra\\Gwent\\Gwent\\bin\\Debug\\Images\\prince_stennis.png",
        "Type": 0,
        "Pouvoir": 0
      },
      {
        "Nom": "Sigismund Dijkstra",
        "Puissance": 4,
        "ImagePath": "C:\\Users\\leofe\\Desktop\\Progra\\Gwent\\Gwent\\bin\\Debug\\Images\\sigismund_dijkstra.png",
        "Type": 0,
        "Pouvoir": 0
      }
    ],
    "Cimetiere": [
      {
        "Nom": "Sheldon Skaggs",
        "Puissance": 4,
        "ImagePath": "C:\\Users\\leofe\\Desktop\\Progra\\Gwent\\Gwent\\bin\\Debug\\Images\\sheldon_skaggs.png",
        "Type": 1,
        "Pouvoir": 13
      },
      {
        "Nom": "Sheala de Tansarville",
        "Puissance": 5,
        "ImagePath": "C:\\Users\\leofe\\Desktop\\Progra\\Gwent\\Gwent\\bin\\Debug\\Images\\sheala_de_tansarville.png",
        "Type": 1,
        "Pouvoir": 13
      }
    ],
    "ZoneMelee": [
      {
        "Nom": "John Natalis",
        "Puissance": 10,
        "ImagePath": "C:\\Users\\leofe\\Desktop\\Progra\\Gwent\\Gwent\\bin\\Debug\\Images\\john_natalis.png",
        "Type": 0,
        "Pouvoir": 13
      }
    ],
    "ZoneDistance": [
      {
        "Nom": "Dethmold",
        "Puissance": 6,
        "ImagePath": "C:\\Users\\leofe\\Desktop\\Progra\\Gwent\\Gwent\\bin\\Debug\\Images\\dethmold.png",
        "Type": 1,
        "Pouvoir": 13
      }
    ],
    "ZoneSiege": [
      {
        "Nom": "Trebuchet",
        "Puissance": 6,
        "ImagePath": "C:\\Users\\leofe\\Desktop\\Progra\\Gwent\\Gwent\\bin\\Debug\\Images\\trebuchet.png",
        "Type": 2,
        "Pouvoir": 13
      }
    ],
    "ZoneEffetMelee": [],
    "ZoneEffetDistance": [],
    "ZoneEffetSiege": [],
    "ZoneMeteoMelee": [],
    "ZoneMeteoDistance": [],
    "ZoneMeteoSiege": [],
    "MeteoMeleeActive": false,
    "MeteoDistanceActive": false,
    "MeteoSiegeActive": false,
    "ChargeMeleeActive": false,
    "ChargeDistanceActive": false,
    "ChargeSiegeActive": false
  },
  "Joueur2": {
    "Nom": "Joueur 2",
    "IndexDeck": 1,
    "Vies": 2,
    "APasse": true,
    "PouvoirUtilise": false,
    "Main": [
      {
        "Nom": "Ciel dégagé",
        "Puissance": 0,
        "ImagePath": "C:\\Users\\leofe\\Desktop\\Progra\\Gwent\\Gwent\\bin\\Debug\\Images\\clear_sky.png",
        "Type": 4,
        "Pouvoir": 10
      },
      {
        "Nom": "Vampire",
        "Puissance": 4,
        "ImagePath": "C:\\Users\\leofe\\Desktop\\Progra\\Gwent\\Gwent\\bin\\Debug\\Images\\vampire_garkain.png",
        "Type": 0,
        "Pouvoir": 4
      },
      {
        "Nom": "Harpie",
        "Puissance": 2,
        "ImagePath": "C:\\Users\\leofe\\Desktop\\Progra\\Gwent\\Gwent\\bin\\Debug\\Images\\harpy.png",
        "Type": 0,
        "Pouvoir": 5
      },
      {
        "Nom": "Brumelin",
        "Puissance": 2,
        "ImagePath": "C:\\Users\\leofe\\Desktop\\Progra\\Gwent\\Gwent\\bin\\Debug\\Images\\foglet.png",
        "Type": 0,
        "Pouvoir": 13
      },
      {
        "Nom": "Cockatrix",
        "Puissance": 2,
        "ImagePath": "C:\\Users\\leofe\\Desktop\\Progra\\Gwent\\Gwent\\bin\\Debug\\Images\\cockatrice.png",
        "Type": 1,
        "Pouvoir": 13
      },
      {
        "Nom": "Nekker",
        "Puissance": 2,
        "ImagePath": "C:\\Users\\leofe\\Desktop\\Progra\\Gwent\\Gwent\\bin\\Debug\\Images\\monsters_nekker2.png",
        "Type": 0,
        "Pouvoir": 4
      }
    ],
    "Deck": [
      {
        "Nom": "Brouillard impénétrable",
        "Puissance": 0,
        "ImagePath": "C:\\Users\\leofe\\Desktop\\Progra\\Gwent\\Gwent\\bin\\Debug\\Images\\fog.png",
        "Type": 4,
        "Pouvoir": 11
      },
      {
        "Nom": "Froid mordant",
        "Puissance": 0,
        "ImagePath": "C:\\Users\\leofe\\Desktop\\Progra\\Gwent\\Gwent\\bin\\Debug\\Images\\frost.png",
        "Type": 4,
        "Pouvoir": 12
      },
      {
        "Nom": "Pluie torrentielle",
        "Puissance": 0,
        "ImagePath": "C:\\Users\\leofe\\Desktop\\Progra\\Gwent\\Gwent\\bin\\Debug\\Images\\rain.png",
        "Type": 4,
        "Pouvoir": 9
      },
      {
        "Nom": "Leurre",
        "Puissance": 0,
        "ImagePath": "C:\\Users\\leofe\\Desktop\\Progra\\Gwent\\Gwent\\bin\\Debug\\Images\\decoy.png",
        "Type": 5,
        "Pouvoir": 8
      },
      {
        "Nom": "Sonnerie de la charge",
        "Puissance": 0,
        "ImagePath": "C:\\Users\\leofe\\Desktop\\Progra\\Gwent\\Gwent\\bin\\Debug\\Images\\horn.png",
        "Type": 3,
        "Pouvoir": 7
      },
      {
        "Nom": "Sonnerie de la charge",
        "Puissance": 0,
        "ImagePath": "C:\\Users\\leofe\\Desktop\\Progra\\Gwent\\Gwent\\bin\\Debug\\Images\\horn.png",
        "Type": 3,
        "Pouvoir": 7
      },
      {
        "Nom": "Terre brulée",
        "Puissance": 0,
        "ImagePath": "C:\\Users\\leofe\\Desktop\\Progra\\Gwent\\Gwent\\bin\\Debug\\Images\\scorch.png",
        "Type": 3,
        "Pouvoir": 6
      },
      {
        "Nom": "Terre brulée",
        "Puissance": 0,
        "ImagePath": "C:\\Users\\leofe\\Desktop\\Progra\\Gwent\\Gwent\\bin\\Debug\\Images\\scorch.png",
        "Type": 3,
        "Pouvoir": 6
      },
      {
        "Nom": "Draug",
        "Puissance": 10,
        "ImagePath": "C:\\Users\\leofe\\Desktop\\Progra\\Gwent\\Gwent\\bin\\Debug\\Images\\draug.png",
        "Type": 0,
        "Pouvoir": 13
      },
      {
        "Nom": "Andriague",
        "Puissance": 2,
        "ImagePath": "C:\\Users\\leofe\\Desktop\\Progra\\Gwent\\Gwent\\bin\\Debug\\Images\\endrega.png",
        "Type": 1,
        "Pouvoir": 13
      },
      {
        "Nom": "Fiellon",
        "Puissance": 6,
        "ImagePath": "C:\\Users\\leofe\\Desktop\\Progra\\Gwent\\Gwent\\bin\\Debug\\Images\\fiend.png",
        "Type": 0,
        "Pouvoir": 13
      },
      {
        "Nom": "Gargouille",
        "Puissance": 2,
        "ImagePath": "C:\\Users\\leofe\\Desktop\\Progra\\Gwent\\Gwent\\bin\\Debug\\Images\\gargoyle.png",
        "Type": 1,
        "Pouvoir": 13
      },
      {
        "Nom": "Gueunaude Sépulcrale",
        "Puissance": 5,
        "ImagePath": "C:\\Users\\leofe\\Desktop\\Progra\\Gwent\\Gwent\\bin\\Debug\\Images\\grave_hag.png",
        "Type": 1,
        "Pouvoir": 13
      },
      {
        "Nom": "Griffon",
        "Puissance": 5,
        "ImagePath": "C:\\Users\\leofe\\Desktop\\Progra\\Gwent\\Gwent\\bin\\Debug\\Images\\griffin.png",
        "Type": 0,
        "Pouvoir": 13
      },
      {
        "Nom": "Géant de glace",
        "Puissance": 5,
        "ImagePath": "C:\\Users\\leofe\\Desktop\\Progra\\Gwent\\Gwent\\bin\\Debug\\Images\\ice_giant.png",
        "Type": 2,
        "Pouvoir": 13
      },
      {
        "Nom": "Vierge de la peste",
        "Puissance": 5,
        "ImagePath": "C:\\Users\\leofe\\Desktop\\Progra\\Gwent\\Gwent\\bin\\Debug\\Images\\plague_maiden.png",
        "Type": 0,
        "Pouvoir": 13
      },
      {
        "Nom": "Loup-garou",
        "Puissance": 5,
        "ImagePath": "C:\\Users\\leofe\\Desktop\\Progra\\Gwent\\Gwent\\bin\\Debug\\Images\\werewolf.png",
        "Type": 0,
        "Pouvoir": 13
      },
      {
        "Nom": "Wyvern",
        "Puissance": 2,
        "ImagePath": "C:\\Users\\leofe\\Desktop\\Progra\\Gwent\\Gwent\\bin\\Debug\\Images\\wyvern.png",
        "Type": 1,
        "Pouvoir": 13
      },
      {
        "Nom": "Nekker",
        "Puissance": 2,
        "ImagePath": "C:\\Users\\leofe\\Desktop\\Progra\\Gwent\\Gwent\\bin\\Debug\\Images\\monsters_nekker2.png",
        "Type": 0,
        "Pouvoir": 4
      },
      {
        "Nom": "Nekker",
        "Puissance": 2,
        "ImagePath": "C:\\Users\\leofe\\Desktop\\Progra\\Gwent\\Gwent\\bin\\Debug\\Images\\monsters_nekker2.png",
        "Type": 0,
        "Pouvoir": 4
      },
      {
        "Nom": "Vampire",
        "Puissance": 4,
        "ImagePath": "C:\\Users\\leofe\\Desktop\\Progra\\Gwent\\Gwent\\bin\\Debug\\Images\\vampire_bruxa.png",
        "Type": 0,
        "Pouvoir": 4
      },
      {
        "Nom": "Vampire",
        "Puissance": 4,
        "ImagePath": "C:\\Users\\leofe\\Desktop\\Progra\\Gwent\\Gwent\\bin\\Debug\\Images\\vampire_fleder.png",
        "Type": 0,
        "Pouvoir": 4
      },
      {
        "Nom": "Vampire",
        "Puissance": 4,
        "ImagePath": "C:\\Users\\leofe\\Desktop\\Progra\\Gwent\\Gwent\\bin\\Debug\\Images\\vampire_ekimmara.png",
        "Type": 0,
        "Pouvoir": 4
      },
      {
        "Nom": "Vampire",
        "Puissance": 5,
        "ImagePath": "C:\\Users\\leofe\\Desktop\\Progra\\Gwent\\Gwent\\bin\\Debug\\Images\\vampire_katakan.png",
        "Type": 0,
        "Pouvoir": 4
      },
      {
        "Nom": "Arachas",
        "Puissance": 4,
        "ImagePath": "C:\\Users\\leofe\\Desktop\\Progra\\Gwent\\Gwent\\bin\\Debug\\Images\\arachas2.png",
        "Type": 0,
        "Pouvoir": 4
      },
      {
        "Nom": "Arachas",
        "Puissance": 4,
        "ImagePath": "C:\\Users\\leofe\\Desktop\\Progra\\Gwent\\Gwent\\bin\\Debug\\Images\\arachas2.png",
        "Type": 0,
        "Pouvoir": 4
      },
      {
        "Nom": "Arachas",
        "Puissance": 4,
        "ImagePath": "C:\\Users\\leofe\\Desktop\\Progra\\Gwent\\Gwent\\bin\\Debug\\Images\\arachas2.png",
        "Type": 0,
        "Pouvoir": 4
      },
      {
        "Nom": "Moire",
        "Puissance": 6,
        "ImagePath": "C:\\Users\\leofe\\Desktop\\Progra\\Gwent\\Gwent\\bin\\Debug\\Images\\crone_whispess.png",
        "Type": 0,
        "Pouvoir": 4
      },
      {
        "Nom": "Arachas",
        "Puissance": 6,
        "ImagePath": "C:\\Users\\leofe\\Desktop\\Progra\\Gwent\\Gwent\\bin\\Debug\\Images\\arachas_behemoth.png",
        "Type": 2,
        "Pouvoir": 4
      }
    ],
    "Cimetiere": [
      {
        "Nom": "Imlerith",
        "Puissance": 10,
        "ImagePath": "C:\\Users\\leofe\\Desktop\\Progra\\Gwent\\Gwent\\bin\\Debug\\Images\\imlerith.png",
        "Type": 0,
        "Pouvoir": 13
      }
    ],
    "ZoneMelee": [
      {
        "Nom": "Goule",
        "Puissance": 1,
        "ImagePath": "C:\\Users\\leofe\\Desktop\\Progra\\Gwent\\Gwent\\bin\\Debug\\Images\\monsters_ghoul2.png",
        "Type": 0,
        "Pouvoir": 4
      }
    ],
    "ZoneDistance": [],
    "ZoneSiege": [
      {
        "Nom": "Elementaire de feu",
        "Puissance": 6,
        "ImagePath": "C:\\Users\\leofe\\Desktop\\Progra\\Gwent\\Gwent\\bin\\Debug\\Images\\fire_elemental.png",
        "Type": 2,
        "Pouvoir": 13
      }
    ],
    "ZoneEffetMelee": [],
    "ZoneEffetDistance": [],
    "ZoneEffetSiege": [],
    "ZoneMeteoMelee": [],
    "ZoneMeteoDistance": [],
    "ZoneMeteoSiege": [],
    "MeteoMeleeActive": false,
    "MeteoDistanceActive": false,
    "MeteoSiegeActive": false,
    "ChargeMeleeActive": false,
    "ChargeDistanceActive": false,
    "ChargeSiegeActive": false
  },
  "EstPartieReseau": true,
  "LocalPlayerIndex": 1,
  "HostAddress": "127.0.0.1",
  "HostPort": 12345
}