{
  "SaveId": "7c1cc6a7-aff6-4e4d-b3b8-54152a721545",
  "SaveName": "testLocal",
  "SaveDate": "2026-01-13T20:37:21.3077538+01:00",
  "Version": 1,
  "IndexJoueurCourant": 1,
  "NumeroManche": 1,
  "Joueur1": {
    "Nom": "Joueur 1",
    "IndexDeck": 0,
    "Vies": 2,
    "APasse": false,
    "PouvoirUtilise": false,
    "Main": [
      {
        "Nom": "Triss Merigold",
        "Puissance": 7,
        "ImagePath": "C:\\Users\\leofe\\Desktop\\Progra\\Gwent\\Gwent\\bin\\Debug\\Images\\Triss Merigold.png",
        "Type": 2,
        "Pouvoir": 13
      },
      {
        "Nom": "Sheala de Tansarville",
        "Puissance": 5,
        "ImagePath": "C:\\Users\\leofe\\Desktop\\Progra\\Gwent\\Gwent\\bin\\Debug\\Images\\sheala_de_tansarville.png",
        "Type": 1,
        "Pouvoir": 13
      },
      {
        "Nom": "Chasseur de dragon de Crinfrid",
        "Puissance": 5,
        "ImagePath": "C:\\Users\\leofe\\Desktop\\Progra\\Gwent\\Gwent\\bin\\Debug\\Images\\crinfrid_reavers_1.png",
        "Type": 1,
        "Pouvoir": 2
      },
      {
        "Nom": "Commandant des Stries Bleues",
        "Puissance": 4,
        "ImagePath": "C:\\Users\\leofe\\Desktop\\Progra\\Gwent\\Gwent\\bin\\Debug\\Images\\blue_stripes_commandant.png",
        "Type": 0,
        "Pouvoir": 2
      },
      {
        "Nom": "Leurre",
        "Puissance": 0,
        "ImagePath": "C:\\Users\\leofe\\Desktop\\Progra\\Gwent\\Gwent\\bin\\Debug\\Images\\decoy.png",
        "Type": 5,
        "Pouvoir": 8
      },
      {
        "Nom": "John Natalis",
        "Puissance": 10,
        "ImagePath": "C:\\Users\\leofe\\Desktop\\Progra\\Gwent\\Gwent\\bin\\Debug\\Images\\john_natalis.png",
        "Type": 0,
        "Pouvoir": 13
      },
      {
        "Nom": "Esterad Thyssen",
        "Puissance": 10,
        "ImagePath": "C:\\Users\\leofe\\Desktop\\Progra\\Gwent\\Gwent\\bin\\Debug\\Images\\esterad.png",
        "Type": 0,
        "Pouvoir": 13
      },
      {
        "Nom": "Trebuchet",
        "Puissance": 6,
        "ImagePath": "C:\\Users\\leofe\\Desktop\\Progra\\Gwent\\Gwent\\bin\\Debug\\Images\\trebuchet.png",
        "Type": 2,
        "Pouvoir": 13
      },
      {
        "Nom": "Siegfried",
        "Puissance": 5,
        "ImagePath": "C:\\Users\\leofe\\Desktop\\Progra\\Gwent\\Gwent\\bin\\Debug\\Images\\siegfried_of_denesle.png",
        "Type": 0,
        "Pouvoir": 13
      }
    ],
    "Deck": [
      {
        "Nom": "Ciel dégagé",
        "Puissance": 0,
        "ImagePath": "C:\\Users\\leofe\\Desktop\\Progra\\Gwent\\Gwent\\bin\\Debug\\Images\\clear_sky.png",
        "Type": 4,
        "Pouvoir": 10
      },
      {
        "Nom": "Brouillard impénétrable",
        "Puissance": 0,
        "ImagePath": "C:\\Users\\leofe\\Desktop\\Progra\\Gwent\\Gwent\\bin\\Debug\\Images\\fog.png",
        "Type": 4,
        "Pouvoir": 11
      },
      {
        "Nom": "Froid mordant",
        "Puissance": 0,
        "ImagePath": "C:\\Users\\leofe\\Desktop\\Progra\\Gwent\\Gwent\\bin\\Debug\\Images\\frost.png",
        "Type": 4,
        "Pouvoir": 12
      },
      {
        "Nom": "Pluie torrentielle",
        "Puissance": 0,
        "ImagePath": "C:\\Users\\leofe\\Desktop\\Progra\\Gwent\\Gwent\\bin\\Debug\\Images\\rain.png",
        "Type": 4,
        "Pouvoir": 9
      },
      {
        "Nom": "Leurre",
        "Puissance": 0,
        "ImagePath": "C:\\Users\\leofe\\Desktop\\Progra\\Gwent\\Gwent\\bin\\Debug\\Images\\decoy.png",
        "Type": 5,
        "Pouvoir": 8
      },
      {
        "Nom": "Sonnerie de la charge",
        "Puissance": 0,
        "ImagePath": "C:\\Users\\leofe\\Desktop\\Progra\\Gwent\\Gwent\\bin\\Debug\\Images\\horn.png",
        "Type": 3,
        "Pouvoir": 7
      },
      {
        "Nom": "Sonnerie de la charge",
        "Puissance": 0,
        "ImagePath": "C:\\Users\\leofe\\Desktop\\Progra\\Gwent\\Gwent\\bin\\Debug\\Images\\horn.png",
        "Type": 3,
        "Pouvoir": 7
      },
      {
        "Nom": "Terre brulée",
        "Puissance": 0,
        "ImagePath": "C:\\Users\\leofe\\Desktop\\Progra\\Gwent\\Gwent\\bin\\Debug\\Images\\scorch.png",
        "Type": 3,
        "Pouvoir": 6
      },
      {
        "Nom": "Terre brulée",
        "Puissance": 0,
        "ImagePath": "C:\\Users\\leofe\\Desktop\\Progra\\Gwent\\Gwent\\bin\\Debug\\Images\\scorch.png",
        "Type": 3,
        "Pouvoir": 6
      },
      {
        "Nom": "Ciri",
        "Puissance": 15,
        "ImagePath": "C:\\Users\\leofe\\Desktop\\Progra\\Gwent\\Gwent\\bin\\Debug\\Images\\Ciri.png",
        "Type": 0,
        "Pouvoir": 13
      },
      {
        "Nom": "Geralt de Riv",
        "Puissance": 15,
        "ImagePath": "C:\\Users\\leofe\\Desktop\\Progra\\Gwent\\Gwent\\bin\\Debug\\Images\\Geralt of Rivia.png",
        "Type": 0,
        "Pouvoir": 13
      },
      {
        "Nom": "Sheldon Skaggs",
        "Puissance": 4,
        "ImagePath": "C:\\Users\\leofe\\Desktop\\Progra\\Gwent\\Gwent\\bin\\Debug\\Images\\sheldon_skaggs.png",
        "Type": 1,
        "Pouvoir": 13
      },
      {
        "Nom": "Fanstassin Rédanien",
        "Puissance": 1,
        "ImagePath": "C:\\Users\\leofe\\Desktop\\Progra\\Gwent\\Gwent\\bin\\Debug\\Images\\redanian_foot_soldier_1.png",
        "Type": 0,
        "Pouvoir": 13
      },
      {
        "Nom": "Baliste",
        "Puissance": 6,
        "ImagePath": "C:\\Users\\leofe\\Desktop\\Progra\\Gwent\\Gwent\\bin\\Debug\\Images\\ballista.png",
        "Type": 2,
        "Pouvoir": 13
      },
      {
        "Nom": "Dethmold",
        "Puissance": 6,
        "ImagePath": "C:\\Users\\leofe\\Desktop\\Progra\\Gwent\\Gwent\\bin\\Debug\\Images\\dethmold.png",
        "Type": 1,
        "Pouvoir": 13
      },
      {
        "Nom": "Keira Metz",
        "Puissance": 5,
        "ImagePath": "C:\\Users\\leofe\\Desktop\\Progra\\Gwent\\Gwent\\bin\\Debug\\Images\\keira_metz.png",
        "Type": 1,
        "Pouvoir": 13
      },
      {
        "Nom": "Philippa Eilhart",
        "Puissance": 10,
        "ImagePath": "C:\\Users\\leofe\\Desktop\\Progra\\Gwent\\Gwent\\bin\\Debug\\Images\\philippa_eilhart.png",
        "Type": 1,
        "Pouvoir": 13
      },
      {
        "Nom": "Sabrina",
        "Puissance": 4,
        "ImagePath": "C:\\Users\\leofe\\Desktop\\Progra\\Gwent\\Gwent\\bin\\Debug\\Images\\sabrina.png",
        "Type": 1,
        "Pouvoir": 13
      },
      {
        "Nom": "Vernon Roche",
        "Puissance": 10,
        "ImagePath": "C:\\Users\\leofe\\Desktop\\Progra\\Gwent\\Gwent\\bin\\Debug\\Images\\vernon_roche.png",
        "Type": 0,
        "Pouvoir": 13
      },
      {
        "Nom": "Ves",
        "Puissance": 5,
        "ImagePath": "C:\\Users\\leofe\\Desktop\\Progra\\Gwent\\Gwent\\bin\\Debug\\Images\\ves.png",
        "Type": 0,
        "Pouvoir": 13
      },
      {
        "Nom": "Yarpen Zigrin",
        "Puissance": 2,
        "ImagePath": "C:\\Users\\leofe\\Desktop\\Progra\\Gwent\\Gwent\\bin\\Debug\\Images\\yarpen_zigrin.png",
        "Type": 0,
        "Pouvoir": 13
      },
      {
        "Nom": "Commandant des Stries Bleues",
        "Puissance": 4,
        "ImagePath": "C:\\Users\\leofe\\Desktop\\Progra\\Gwent\\Gwent\\bin\\Debug\\Images\\blue_stripes_commandant.png",
        "Type": 0,
        "Pouvoir": 2
      },
      {
        "Nom": "Commandant des Stries Bleues",
        "Puissance": 4,
        "ImagePath": "C:\\Users\\leofe\\Desktop\\Progra\\Gwent\\Gwent\\bin\\Debug\\Images\\blue_stripes_commandant.png",
        "Type": 0,
        "Pouvoir": 2
      },
      {
        "Nom": "Catapulte",
        "Puissance": 8,
        "ImagePath": "C:\\Users\\leofe\\Desktop\\Progra\\Gwent\\Gwent\\bin\\Debug\\Images\\catapult.png",
        "Type": 2,
        "Pouvoir": 2
      },
      {
        "Nom": "Catapulte",
        "Puissance": 8,
        "ImagePath": "C:\\Users\\leofe\\Desktop\\Progra\\Gwent\\Gwent\\bin\\Debug\\Images\\catapult.png",
        "Type": 2,
        "Pouvoir": 2
      },
      {
        "Nom": "Chasseur de dragon de Crinfrid",
        "Puissance": 5,
        "ImagePath": "C:\\Users\\leofe\\Desktop\\Progra\\Gwent\\Gwent\\bin\\Debug\\Images\\crinfrid_reavers_1.png",
        "Type": 1,
        "Pouvoir": 2
      },
      {
        "Nom": "Chasseur de dragon de Crinfrid",
        "Puissance": 5,
        "ImagePath": "C:\\Users\\leofe\\Desktop\\Progra\\Gwent\\Gwent\\bin\\Debug\\Images\\crinfrid_reavers_1.png",
        "Type": 1,
        "Pouvoir": 2
      },
      {
        "Nom": "Chirurgienne de la Bannière brune",
        "Puissance": 5,
        "ImagePath": "C:\\Users\\leofe\\Desktop\\Progra\\Gwent\\Gwent\\bin\\Debug\\Images\\dun_banner_medic.png",
        "Type": 2,
        "Pouvoir": 3
      },
      {
        "Nom": "Expert en siège de Kaedwen",
        "Puissance": 1,
        "ImagePath": "C:\\Users\\leofe\\Desktop\\Progra\\Gwent\\Gwent\\bin\\Debug\\Images\\kaedwen_siege.png",
        "Type": 2,
        "Pouvoir": 1
      },
      {
        "Nom": "Misérable fnatassin de Mes Deux",
        "Puissance": 1,
        "ImagePath": "C:\\Users\\leofe\\Desktop\\Progra\\Gwent\\Gwent\\bin\\Debug\\Images\\poor_infantry.png",
        "Type": 0,
        "Pouvoir": 2
      },
      {
        "Nom": "Misérable fnatassin de Mes Deux",
        "Puissance": 1,
        "ImagePath": "C:\\Users\\leofe\\Desktop\\Progra\\Gwent\\Gwent\\bin\\Debug\\Images\\poor_infantry.png",
        "Type": 0,
        "Pouvoir": 2
      },
      {
        "Nom": "Misérable fnatassin de Mes Deux",
        "Puissance": 1,
        "ImagePath": "C:\\Users\\leofe\\Desktop\\Progra\\Gwent\\Gwent\\bin\\Debug\\Images\\poor_infantry.png",
        "Type": 0,
        "Pouvoir": 2
      },
      {
        "Nom": "Prince Stennis ",
        "Puissance": 5,
        "ImagePath": "C:\\Users\\leofe\\Desktop\\Progra\\Gwent\\Gwent\\bin\\Debug\\Images\\prince_stennis.png",
        "Type": 0,
        "Pouvoir": 0
      },
      {
        "Nom": "Sigismund Dijkstra",
        "Puissance": 4,
        "ImagePath": "C:\\Users\\leofe\\Desktop\\Progra\\Gwent\\Gwent\\bin\\Debug\\Images\\sigismund_dijkstra.png",
        "Type": 0,
        "Pouvoir": 0
      },
      {
        "Nom": "Talar",
        "Puissance": 1,
        "ImagePath": "C:\\Users\\leofe\\Desktop\\Progra\\Gwent\\Gwent\\bin\\Debug\\Images\\thaler.png",
        "Type": 2,
        "Pouvoir": 0
      }
    ],
    "Cimetiere": [],
    "ZoneMelee": [],
    "ZoneDistance": [],
    "ZoneSiege": [
      {
        "Nom": "Tour de Siège",
        "Puissance": 6,
        "ImagePath": "C:\\Users\\leofe\\Desktop\\Progra\\Gwent\\Gwent\\bin\\Debug\\Images\\siege_tower.png",
        "Type": 2,
        "Pouvoir": 13
      }
    ],
    "ZoneEffetMelee": [],
    "ZoneEffetDistance": [],
    "ZoneEffetSiege": [],
    "ZoneMeteoMelee": [],
    "ZoneMeteoDistance": [],
    "ZoneMeteoSiege": [],
    "MeteoMeleeActive": false,
    "MeteoDistanceActive": false,
    "MeteoSiegeActive": false,
    "ChargeMeleeActive": false,
    "ChargeDistanceActive": false,
    "ChargeSiegeActive": false
  },
  "Joueur2": {
    "Nom": "Joueur 2",
    "IndexDeck": 0,
    "Vies": 2,
    "APasse": false,
    "PouvoirUtilise": false,
    "Main": [
      {
        "Nom": "Fanstassin Rédanien",
        "Puissance": 1,
        "ImagePath": "C:\\Users\\leofe\\Desktop\\Progra\\Gwent\\Gwent\\bin\\Debug\\Images\\redanian_foot_soldier_1.png",
        "Type": 0,
        "Pouvoir": 13
      },
      {
        "Nom": "Sheala de Tansarville",
        "Puissance": 5,
        "ImagePath": "C:\\Users\\leofe\\Desktop\\Progra\\Gwent\\Gwent\\bin\\Debug\\Images\\sheala_de_tansarville.png",
        "Type": 1,
        "Pouvoir": 13
      },
      {
        "Nom": "Leurre",
        "Puissance": 0,
        "ImagePath": "C:\\Users\\leofe\\Desktop\\Progra\\Gwent\\Gwent\\bin\\Debug\\Images\\decoy.png",
        "Type": 5,
        "Pouvoir": 8
      },
      {
        "Nom": "Sigismund Dijkstra",
        "Puissance": 4,
        "ImagePath": "C:\\Users\\leofe\\Desktop\\Progra\\Gwent\\Gwent\\bin\\Debug\\Images\\sigismund_dijkstra.png",
        "Type": 0,
        "Pouvoir": 0
      },
      {
        "Nom": "Sonnerie de la charge",
        "Puissance": 0,
        "ImagePath": "C:\\Users\\leofe\\Desktop\\Progra\\Gwent\\Gwent\\bin\\Debug\\Images\\horn.png",
        "Type": 3,
        "Pouvoir": 7
      },
      {
        "Nom": "Commandant des Stries Bleues",
        "Puissance": 4,
        "ImagePath": "C:\\Users\\leofe\\Desktop\\Progra\\Gwent\\Gwent\\bin\\Debug\\Images\\blue_stripes_commandant.png",
        "Type": 0,
        "Pouvoir": 2
      },
      {
        "Nom": "Baliste",
        "Puissance": 6,
        "ImagePath": "C:\\Users\\leofe\\Desktop\\Progra\\Gwent\\Gwent\\bin\\Debug\\Images\\ballista.png",
        "Type": 2,
        "Pouvoir": 13
      },
      {
        "Nom": "Commandant des Stries Bleues",
        "Puissance": 4,
        "ImagePath": "C:\\Users\\leofe\\Desktop\\Progra\\Gwent\\Gwent\\bin\\Debug\\Images\\blue_stripes_commandant.png",
        "Type": 0,
        "Pouvoir": 2
      },
      {
        "Nom": "Leurre",
        "Puissance": 0,
        "ImagePath": "C:\\Users\\leofe\\Desktop\\Progra\\Gwent\\Gwent\\bin\\Debug\\Images\\decoy.png",
        "Type": 5,
        "Pouvoir": 8
      }
    ],
    "Deck": [
      {
        "Nom": "Ciel dégagé",
        "Puissance": 0,
        "ImagePath": "C:\\Users\\leofe\\Desktop\\Progra\\Gwent\\Gwent\\bin\\Debug\\Images\\clear_sky.png",
        "Type": 4,
        "Pouvoir": 10
      },
      {
        "Nom": "Brouillard impénétrable",
        "Puissance": 0,
        "ImagePath": "C:\\Users\\leofe\\Desktop\\Progra\\Gwent\\Gwent\\bin\\Debug\\Images\\fog.png",
        "Type": 4,
        "Pouvoir": 11
      },
      {
        "Nom": "Froid mordant",
        "Puissance": 0,
        "ImagePath": "C:\\Users\\leofe\\Desktop\\Progra\\Gwent\\Gwent\\bin\\Debug\\Images\\frost.png",
        "Type": 4,
        "Pouvoir": 12
      },
      {
        "Nom": "Pluie torrentielle",
        "Puissance": 0,
        "ImagePath": "C:\\Users\\leofe\\Desktop\\Progra\\Gwent\\Gwent\\bin\\Debug\\Images\\rain.png",
        "Type": 4,
        "Pouvoir": 9
      },
      {
        "Nom": "Sonnerie de la charge",
        "Puissance": 0,
        "ImagePath": "C:\\Users\\leofe\\Desktop\\Progra\\Gwent\\Gwent\\bin\\Debug\\Images\\horn.png",
        "Type": 3,
        "Pouvoir": 7
      },
      {
        "Nom": "Terre brulée",
        "Puissance": 0,
        "ImagePath": "C:\\Users\\leofe\\Desktop\\Progra\\Gwent\\Gwent\\bin\\Debug\\Images\\scorch.png",
        "Type": 3,
        "Pouvoir": 6
      },
      {
        "Nom": "Terre brulée",
        "Puissance": 0,
        "ImagePath": "C:\\Users\\leofe\\Desktop\\Progra\\Gwent\\Gwent\\bin\\Debug\\Images\\scorch.png",
        "Type": 3,
        "Pouvoir": 6
      },
      {
        "Nom": "Ciri",
        "Puissance": 15,
        "ImagePath": "C:\\Users\\leofe\\Desktop\\Progra\\Gwent\\Gwent\\bin\\Debug\\Images\\Ciri.png",
        "Type": 0,
        "Pouvoir": 13
      },
      {
        "Nom": "Siegfried",
        "Puissance": 5,
        "ImagePath": "C:\\Users\\leofe\\Desktop\\Progra\\Gwent\\Gwent\\bin\\Debug\\Images\\siegfried_of_denesle.png",
        "Type": 0,
        "Pouvoir": 13
      },
      {
        "Nom": "Geralt de Riv",
        "Puissance": 15,
        "ImagePath": "C:\\Users\\leofe\\Desktop\\Progra\\Gwent\\Gwent\\bin\\Debug\\Images\\Geralt of Rivia.png",
        "Type": 0,
        "Pouvoir": 13
      },
      {
        "Nom": "Sheldon Skaggs",
        "Puissance": 4,
        "ImagePath": "C:\\Users\\leofe\\Desktop\\Progra\\Gwent\\Gwent\\bin\\Debug\\Images\\sheldon_skaggs.png",
        "Type": 1,
        "Pouvoir": 13
      },
      {
        "Nom": "Triss Merigold",
        "Puissance": 7,
        "ImagePath": "C:\\Users\\leofe\\Desktop\\Progra\\Gwent\\Gwent\\bin\\Debug\\Images\\Triss Merigold.png",
        "Type": 2,
        "Pouvoir": 13
      },
      {
        "Nom": "Trebuchet",
        "Puissance": 6,
        "ImagePath": "C:\\Users\\leofe\\Desktop\\Progra\\Gwent\\Gwent\\bin\\Debug\\Images\\trebuchet.png",
        "Type": 2,
        "Pouvoir": 13
      },
      {
        "Nom": "Dethmold",
        "Puissance": 6,
        "ImagePath": "C:\\Users\\leofe\\Desktop\\Progra\\Gwent\\Gwent\\bin\\Debug\\Images\\dethmold.png",
        "Type": 1,
        "Pouvoir": 13
      },
      {
        "Nom": "Esterad Thyssen",
        "Puissance": 10,
        "ImagePath": "C:\\Users\\leofe\\Desktop\\Progra\\Gwent\\Gwent\\bin\\Debug\\Images\\esterad.png",
        "Type": 0,
        "Pouvoir": 13
      },
      {
        "Nom": "John Natalis",
        "Puissance": 10,
        "ImagePath": "C:\\Users\\leofe\\Desktop\\Progra\\Gwent\\Gwent\\bin\\Debug\\Images\\john_natalis.png",
        "Type": 0,
        "Pouvoir": 13
      },
      {
        "Nom": "Keira Metz",
        "Puissance": 5,
        "ImagePath": "C:\\Users\\leofe\\Desktop\\Progra\\Gwent\\Gwent\\bin\\Debug\\Images\\keira_metz.png",
        "Type": 1,
        "Pouvoir": 13
      },
      {
        "Nom": "Philippa Eilhart",
        "Puissance": 10,
        "ImagePath": "C:\\Users\\leofe\\Desktop\\Progra\\Gwent\\Gwent\\bin\\Debug\\Images\\philippa_eilhart.png",
        "Type": 1,
        "Pouvoir": 13
      },
      {
        "Nom": "Sabrina",
        "Puissance": 4,
        "ImagePath": "C:\\Users\\leofe\\Desktop\\Progra\\Gwent\\Gwent\\bin\\Debug\\Images\\sabrina.png",
        "Type": 1,
        "Pouvoir": 13
      },
      {
        "Nom": "Tour de Siège",
        "Puissance": 6,
        "ImagePath": "C:\\Users\\leofe\\Desktop\\Progra\\Gwent\\Gwent\\bin\\Debug\\Images\\siege_tower.png",
        "Type": 2,
        "Pouvoir": 13
      },
      {
        "Nom": "Ves",
        "Puissance": 5,
        "ImagePath": "C:\\Users\\leofe\\Desktop\\Progra\\Gwent\\Gwent\\bin\\Debug\\Images\\ves.png",
        "Type": 0,
        "Pouvoir": 13
      },
      {
        "Nom": "Yarpen Zigrin",
        "Puissance": 2,
        "ImagePath": "C:\\Users\\leofe\\Desktop\\Progra\\Gwent\\Gwent\\bin\\Debug\\Images\\yarpen_zigrin.png",
        "Type": 0,
        "Pouvoir": 13
      },
      {
        "Nom": "Commandant des Stries Bleues",
        "Puissance": 4,
        "ImagePath": "C:\\Users\\leofe\\Desktop\\Progra\\Gwent\\Gwent\\bin\\Debug\\Images\\blue_stripes_commandant.png",
        "Type": 0,
        "Pouvoir": 2
      },
      {
        "Nom": "Catapulte",
        "Puissance": 8,
        "ImagePath": "C:\\Users\\leofe\\Desktop\\Progra\\Gwent\\Gwent\\bin\\Debug\\Images\\catapult.png",
        "Type": 2,
        "Pouvoir": 2
      },
      {
        "Nom": "Catapulte",
        "Puissance": 8,
        "ImagePath": "C:\\Users\\leofe\\Desktop\\Progra\\Gwent\\Gwent\\bin\\Debug\\Images\\catapult.png",
        "Type": 2,
        "Pouvoir": 2
      },
      {
        "Nom": "Chasseur de dragon de Crinfrid",
        "Puissance": 5,
        "ImagePath": "C:\\Users\\leofe\\Desktop\\Progra\\Gwent\\Gwent\\bin\\Debug\\Images\\crinfrid_reavers_1.png",
        "Type": 1,
        "Pouvoir": 2
      },
      {
        "Nom": "Chasseur de dragon de Crinfrid",
        "Puissance": 5,
        "ImagePath": "C:\\Users\\leofe\\Desktop\\Progra\\Gwent\\Gwent\\bin\\Debug\\Images\\crinfrid_reavers_1.png",
        "Type": 1,
        "Pouvoir": 2
      },
      {
        "Nom": "Chasseur de dragon de Crinfrid",
        "Puissance": 5,
        "ImagePath": "C:\\Users\\leofe\\Desktop\\Progra\\Gwent\\Gwent\\bin\\Debug\\Images\\crinfrid_reavers_1.png",
        "Type": 1,
        "Pouvoir": 2
      },
      {
        "Nom": "Chirurgienne de la Bannière brune",
        "Puissance": 5,
        "ImagePath": "C:\\Users\\leofe\\Desktop\\Progra\\Gwent\\Gwent\\bin\\Debug\\Images\\dun_banner_medic.png",
        "Type": 2,
        "Pouvoir": 3
      },
      {
        "Nom": "Expert en siège de Kaedwen",
        "Puissance": 1,
        "ImagePath": "C:\\Users\\leofe\\Desktop\\Progra\\Gwent\\Gwent\\bin\\Debug\\Images\\kaedwen_siege.png",
        "Type": 2,
        "Pouvoir": 1
      },
      {
        "Nom": "Misérable fnatassin de Mes Deux",
        "Puissance": 1,
        "ImagePath": "C:\\Users\\leofe\\Desktop\\Progra\\Gwent\\Gwent\\bin\\Debug\\Images\\poor_infantry.png",
        "Type": 0,
        "Pouvoir": 2
      },
      {
        "Nom": "Misérable fnatassin de Mes Deux",
        "Puissance": 1,
        "ImagePath": "C:\\Users\\leofe\\Desktop\\Progra\\Gwent\\Gwent\\bin\\Debug\\Images\\poor_infantry.png",
        "Type": 0,
        "Pouvoir": 2
      },
      {
        "Nom": "Misérable fnatassin de Mes Deux",
        "Puissance": 1,
        "ImagePath": "C:\\Users\\leofe\\Desktop\\Progra\\Gwent\\Gwent\\bin\\Debug\\Images\\poor_infantry.png",
        "Type": 0,
        "Pouvoir": 2
      },
      {
        "Nom": "Prince Stennis ",
        "Puissance": 5,
        "ImagePath": "C:\\Users\\leofe\\Desktop\\Progra\\Gwent\\Gwent\\bin\\Debug\\Images\\prince_stennis.png",
        "Type": 0,
        "Pouvoir": 0
      },
      {
        "Nom": "Talar",
        "Puissance": 1,
        "ImagePath": "C:\\Users\\leofe\\Desktop\\Progra\\Gwent\\Gwent\\bin\\Debug\\Images\\thaler.png",
        "Type": 2,
        "Pouvoir": 0
      }
    ],
    "Cimetiere": [],
    "ZoneMelee": [
      {
        "Nom": "Vernon Roche",
        "Puissance": 10,
        "ImagePath": "C:\\Users\\leofe\\Desktop\\Progra\\Gwent\\Gwent\\bin\\Debug\\Images\\vernon_roche.png",
        "Type": 0,
        "Pouvoir": 13
      }
    ],
    "ZoneDistance": [],
    "ZoneSiege": [],
    "ZoneEffetMelee": [],
    "ZoneEffetDistance": [],
    "ZoneEffetSiege": [],
    "ZoneMeteoMelee": [],
    "ZoneMeteoDistance": [],
    "ZoneMeteoSiege": [],
    "MeteoMeleeActive": false,
    "MeteoDistanceActive": false,
    "MeteoSiegeActive": false,
    "ChargeMeleeActive": false,
    "ChargeDistanceActive": false,
    "ChargeSiegeActive": false
  },
  "EstPartieReseau": false,
  "LocalPlayerIndex": 0,
  "HostAddress": "127.0.0.1",
  "HostPort": 12345
}